record_id	core	reason
Mol_03373	(17, 18, 19, 20)	Can't kekulize mol.  Unkekulized atoms: 6 7 9
Mol_04783	(10, 11, 12, 13)	Can't kekulize mol.  Unkekulized atoms: 0 3 4
Mol_07011	(2, 3, 5, 6)	Can't kekulize mol.  Unkekulized atoms: 10 12 13 14 15
Mol_07015	(2, 1, 20, 21)	Can't kekulize mol.  Unkekulized atoms: 4 5 7 8 9
Mol_08381	(22, 21, 27, 28)	Can't kekulize mol.  Unkekulized atoms: 0 1 2 3 4 5 6 8 9
Mol_09863	(3, 2, 33, 34)	Can't kekulize mol.  Unkekulized atoms: 11 12 13 14 16
Mol_09864	(18, 19, 20, 21)	Can't kekulize mol.  Unkekulized atoms: 11 12 13 14 16
Mol_09866	(3, 2, 37, 38)	Can't kekulize mol.  Unkekulized atoms: 11 12 13 14 16
Mol_11287	(4, 1, 2, 3)	Can't kekulize mol.  Unkekulized atoms: 6 7 8 9 10 11 12 13 15
Mol_11316	(1, 2, 4, 5)	Can't kekulize mol.  Unkekulized atoms: 8 9 10 11 12 13 14 16 17
Mol_11353	(33, 31, 29, 30)	Can't kekulize mol.  Unkekulized atoms: 0 1 2 3 5 6 7 8 9
Mol_11518	(18, 19, 21, 22)	Can't kekulize mol.  Unkekulized atoms: 0 1 2 3 4 5 6 7 9
Mol_12930	(1, 2, 4, 5)	Can't kekulize mol.  Unkekulized atoms: 6 7 8 9 10 11 12 13 15
Mol_14734	(20, 19, 25, 26)	Can't kekulize mol.  Unkekulized atoms: 0 1 2 3 4 5 6 8 9
Mol_16721	(20, 21, 22, 24)	Can't kekulize mol.  Unkekulized atoms: 0 1 2 3 4 5 6 8 9
Mol_03078	20;21;23;24	flavonol 3-hydroxy-4-oxo-pyranone core; vinylogous ester rather than a ketone enone; excluded from enone site enumeration by chemical rule
Mol_03079	20;21;23;24	flavonol 3-hydroxy-4-oxo-pyranone core; vinylogous ester rather than a ketone enone; excluded from enone site enumeration by chemical rule
