record_id	site_id	family	parent_smiles	core_atom_indices	retained_parent_atoms	mapped_fragment_smiles	fragment_smiles	adduct_smiles	electrophile_job	adduct_job	thiolate_job	status	dE_kcal
CAL01	CAL01:atom0	enone	C=CC(=O)CC	0;1;2;3	0;1;2;3;4;5	CC[C:1003]([CH:1002]=[CH2:1001])=[O:1004]	C=CC(=O)CC	CCC([O-])=CCSC	7154099b643037c3bce6	8cd4a9867e293a1cd69c	63873bf3cc344f2bc202	ok	-18.089188124219742
CAL02	CAL02:atom0	enone	C=CC(=O)CCC	0;1;2;3	0;1;2;3;4;5	CC[C:1003]([CH:1002]=[CH2:1001])=[O:1004]	C=CC(=O)CC	CCC([O-])=CCSC	7154099b643037c3bce6	8cd4a9867e293a1cd69c	63873bf3cc344f2bc202	ok	-18.089188124219742
CAL03	CAL03:atom0	enone	C=CC(=O)CCCCC	0;1;2;3	0;1;2;3;4;5	CC[C:1003]([CH:1002]=[CH2:1001])=[O:1004]	C=CC(=O)CC	CCC([O-])=CCSC	7154099b643037c3bce6	8cd4a9867e293a1cd69c	63873bf3cc344f2bc202	ok	-18.089188124219742
CAL04	CAL04:atom1	enone	CC=CC(C)=O	1;2;3;5	0;1;2;3;4;5	C[CH:1001]=[CH:1002][C:1003](C)=[O:1004]	CC=CC(C)=O	CSC(C)C=C(C)[O-]	00d6f0ae24278a9948d5	3eb44419e738c29363c3	63873bf3cc344f2bc202	ok	-13.10165230015027
CAL05	CAL05:atom1	enone	CC=CC(=O)CCCC	1;2;3;4	0;1;2;3;4;5;6	CC[C:1003]([CH:1002]=[CH:1001]C)=[O:1004]	CC=CC(=O)CC	CCC([O-])=CC(C)SC	4364ec585e7a5174251d	cbd554d6d17827bc7eb7	63873bf3cc344f2bc202	ok	-12.812313739599293
CAL06	CAL06:atom3	enone	O=C1C=CCC1	3;2;1;0	0;1;2;3;4;5	C1C[C:1003](=[O:1004])[CH:1002]=[CH:1001]1	O=C1C=CCC1	CSC1C=C([O-])CC1	0d656c5afdf7bb933f72	7786efdb1acf69367da0	63873bf3cc344f2bc202	ok	-15.303314616177635
CAL07	CAL07:atom1	enone	CC=CC(=O)CC	1;2;3;4	0;1;2;3;4;5;6	CC[C:1003]([CH:1002]=[CH:1001]C)=[O:1004]	CC=CC(=O)CC	CCC([O-])=CC(C)SC	4364ec585e7a5174251d	cbd554d6d17827bc7eb7	63873bf3cc344f2bc202	ok	-12.812313739599293
CAL08	CAL08:atom3	enone	CCCC=CC(C)=O	3;4;5;7	1;2;3;4;5;6;7	CC[CH:1001]=[CH:1002][C:1003](C)=[O:1004]	CCC=CC(C)=O	CCC(C=C(C)[O-])SC	8f509d81a97360d9fc94	84cd81f09f452b4841d5	63873bf3cc344f2bc202	ok	-14.178979980341227
CAL09	CAL09:atom4	enone	CCCCC=CC(C)=O	4;5;6;8	2;3;4;5;6;7;8	CC[CH:1001]=[CH:1002][C:1003](C)=[O:1004]	CCC=CC(C)=O	CCC(C=C(C)[O-])SC	8f509d81a97360d9fc94	84cd81f09f452b4841d5	63873bf3cc344f2bc202	ok	-14.178979980341227
CAL10	CAL10:atom5	enone	CCCCCC=CC(C)=O	5;6;7;9	3;4;5;6;7;8;9	CC[CH:1001]=[CH:1002][C:1003](C)=[O:1004]	CCC=CC(C)=O	CCC(C=C(C)[O-])SC	8f509d81a97360d9fc94	84cd81f09f452b4841d5	63873bf3cc344f2bc202	ok	-14.178979980341227
CAL11	CAL11:atom1	enone	CC=C(C)C(C)=O	1;2;4;6	0;1;2;3;4;5;6	C[CH:1001]=[C:1002](C)[C:1003](C)=[O:1004]	CC=C(C)C(C)=O	CSC(C)C(C)=C(C)[O-]	21425dab90cfff9eebbe	dc6b5343b2e5bf3a8865	63873bf3cc344f2bc202	ok	-11.812698364501724
CAL12	CAL12:atom4	enone	CC(=O)C=C(C)C	4;3;1;2	0;1;2;3;4;5;6	C[C:1001](C)=[CH:1002][C:1003](C)=[O:1004]	CC(=O)C=C(C)C	CSC(C)(C)C=C(C)[O-]	72a186dd058b1f78c638	bf41a185a2d9b65311dd	63873bf3cc344f2bc202	ok	-8.307086421669188
CAL13	CAL13:atom2	enone	CC1=CCCC1=O	2;1;5;6	0;1;2;3;4;5;6	C[C:1002]1=[CH:1001]CC[C:1003]1=[O:1004]	CC1=CCCC1=O	CSC1CCC([O-])=C1C	3bda2e2ae9b42c2200b1	0f191e4774219f74e0f9	63873bf3cc344f2bc202	ok	-12.597049052285298
CAL14	CAL14:atom1	enone	CC1=CC(=O)CC1	1;2;3;4	0;1;2;3;4;5;6	C[C:1001]1=[CH:1002][C:1003](=[O:1004])CC1	CC1=CC(=O)CC1	CSC1(C)C=C([O-])CC1	de09b53ec6d56b4fbe20	9f3856dad6235a978c07	63873bf3cc344f2bc202	ok	-9.887409282584953
CAL15	CAL15:atom0	ester	C=CC(=O)OC	0;1;2;3	0;1;2;3;4;5	CO[C:1003]([CH:1002]=[CH2:1001])=[O:1004]	C=CC(=O)OC	COC([O-])=CCSC	7eef9856e5d090f08a96	d5e88cef34096f3a762f	63873bf3cc344f2bc202	ok	-19.447106770208293
CAL16	CAL16:atom0	ester	C=CC(=O)OCC	0;1;2;3	0;1;2;3;4;5	CO[C:1003]([CH:1002]=[CH2:1001])=[O:1004]	C=CC(=O)OC	COC([O-])=CCSC	7eef9856e5d090f08a96	d5e88cef34096f3a762f	63873bf3cc344f2bc202	ok	-19.447106770208293
CAL17	CAL17:atom0	ester	C=CC(=O)OCCC	0;1;2;3	0;1;2;3;4;5	CO[C:1003]([CH:1002]=[CH2:1001])=[O:1004]	C=CC(=O)OC	COC([O-])=CCSC	7eef9856e5d090f08a96	d5e88cef34096f3a762f	63873bf3cc344f2bc202	ok	-19.447106770208293
CAL18	CAL18:atom0	ester	C=CC(=O)OCCCC	0;1;2;3	0;1;2;3;4;5	CO[C:1003]([CH:1002]=[CH2:1001])=[O:1004]	C=CC(=O)OC	COC([O-])=CCSC	7eef9856e5d090f08a96	d5e88cef34096f3a762f	63873bf3cc344f2bc202	ok	-19.447106770208293
CAL19	CAL19:atom1	ester	CC=CC(=O)OC	1;2;3;4	0;1;2;3;4;5;6	CO[C:1003]([CH:1002]=[CH:1001]C)=[O:1004]	CC=CC(=O)OC	COC([O-])=CC(C)SC	825291746729aa2e8308	780177709d9b63bb9bfc	63873bf3cc344f2bc202	ok	-13.901846281898855
CAL20	CAL20:atom1	ester	CC=CC(=O)OCC	1;2;3;4	0;1;2;3;4;5;6	CO[C:1003]([CH:1002]=[CH:1001]C)=[O:1004]	CC=CC(=O)OC	COC([O-])=CC(C)SC	825291746729aa2e8308	780177709d9b63bb9bfc	63873bf3cc344f2bc202	ok	-13.901846281898855
CAL21	CAL21:atom0	ester	C=C(C)C(=O)OC	0;1;3;4	0;1;2;3;4;5;6	CO[C:1003]([C:1002](C)=[CH2:1001])=[O:1004]	C=C(C)C(=O)OC	COC([O-])=C(C)CSC	a6a3a54dd9b87a8a365d	5f7f4f5f44997e3bb932	63873bf3cc344f2bc202	ok	-15.736774568104638
CAL22	CAL22:atom0	ester	C=C(C)C(=O)OCC	0;1;3;4	0;1;2;3;4;5;6	CO[C:1003]([C:1002](C)=[CH2:1001])=[O:1004]	C=C(C)C(=O)OC	COC([O-])=C(C)CSC	a6a3a54dd9b87a8a365d	5f7f4f5f44997e3bb932	63873bf3cc344f2bc202	ok	-15.736774568104638
CAL23	CAL23:atom1	ester	C/C=C(\C)C(=O)OC	1;2;4;5	0;1;2;3;4;5;6;7	CO[C:1003](/[C:1002](C)=[CH:1001]/C)=[O:1004]	C/C=C(\C)C(=O)OC	COC([O-])=C(C)C(C)SC	2d67f2c0c8fbe9e3fd3e	45b330041a48775c0812	63873bf3cc344f2bc202	ok	-11.93330027436887
CAL24	CAL24:atom0	enal	C=C(C)C=O	0;1;3;4	0;1;2;3;4	C[C:1002](=[CH2:1001])[CH:1003]=[O:1004]	C=C(C)C=O	CSCC(C)=C[O-]	711a8329f597ce5c023f	d61bcfad6618d75999b1	63873bf3cc344f2bc202	ok	-19.726687310794397
CAL25	CAL25:atom0	enal	C=C(C=O)CC	0;1;2;3	0;1;2;3;4;5	CC[C:1002](=[CH2:1001])[CH:1003]=[O:1004]	C=C(C=O)CC	CCC(=C[O-])CSC	efed49ecc821e3fc1cf7	c4d47eda16ab32e5f9fc	63873bf3cc344f2bc202	ok	-21.764612515633136
CAL26	CAL26:atom2	enal	CC/C=C/C=O	2;3;4;5	0;1;2;3;4;5	CC/[CH:1001]=[CH:1002]/[CH:1003]=[O:1004]	CC/C=C/C=O	CCC(C=C[O-])SC	0ec20fb89c8ed24eb1bb	b3f70aa1abcee2eb05cf	63873bf3cc344f2bc202	ok	-20.94647695105914
CAL27	CAL27:atom6	enal	CC/C=C\CC/C=C/C=O	6;7;8;9	4;5;6;7;8;9	CC/[CH:1001]=[CH:1002]/[CH:1003]=[O:1004]	CC/C=C/C=O	CCC(C=C[O-])SC	0ec20fb89c8ed24eb1bb	b3f70aa1abcee2eb05cf	63873bf3cc344f2bc202	ok	-20.94647695105914
CAL28	CAL28:atom5	enal	CCCCC/C=C/C=O	5;6;7;8	3;4;5;6;7;8	CC/[CH:1001]=[CH:1002]/[CH:1003]=[O:1004]	CC/C=C/C=O	CCC(C=C[O-])SC	0ec20fb89c8ed24eb1bb	b3f70aa1abcee2eb05cf	63873bf3cc344f2bc202	ok	-20.94647695105914
CAL29	CAL29:atom3	enal	CC(C)C=CC=O	3;4;5;6	0;1;2;3;4;5;6	CC(C)[CH:1001]=[CH:1002][CH:1003]=[O:1004]	CC(C)C=CC=O	CSC(C=C[O-])C(C)C	cc0aff2051ae4f729316	06b515d8ee2c481d263a	63873bf3cc344f2bc202	ok	-21.429446040214586
CAL30	CAL30:atom7	enal	CCCCCCC/C=C/C=O	7;8;9;10	5;6;7;8;9;10	CC/[CH:1001]=[CH:1002]/[CH:1003]=[O:1004]	CC/C=C/C=O	CCC(C=C[O-])SC	0ec20fb89c8ed24eb1bb	b3f70aa1abcee2eb05cf	63873bf3cc344f2bc202	ok	-20.94647695105914
CAL31	CAL31:atom3	enal	C/C=C/C=C/C=O	3;4;5;6	1;2;3;4;5;6	C=C/[CH:1001]=[CH:1002]/[CH:1003]=[O:1004]	C=C/C=C/C=O	C=CC(C=C[O-])SC	fabffdf04220d0eaa4af	af27d6fa993e53a58892	63873bf3cc344f2bc202	ok	-17.720178042141697
CAL32	CAL32:atom4	enal	CC/C=C/C=C/C=O	4;5;6;7	2;3;4;5;6;7	C=C/[CH:1001]=[CH:1002]/[CH:1003]=[O:1004]	C=C/C=C/C=O	C=CC(C=C[O-])SC	fabffdf04220d0eaa4af	af27d6fa993e53a58892	63873bf3cc344f2bc202	ok	-17.720178042141697
CAL33	CAL33:atom6	enal	CCCC/C=C/C=C/C=O	6;7;8;9	4;5;6;7;8;9	C=C/[CH:1001]=[CH:1002]/[CH:1003]=[O:1004]	C=C/C=C/C=O	C=CC(C=C[O-])SC	fabffdf04220d0eaa4af	af27d6fa993e53a58892	63873bf3cc344f2bc202	ok	-17.720178042141697
CAL34	CAL34:atom1	enal	CC(C)=CC=O	1;3;4;5	0;1;2;3;4;5	C[C:1001](C)=[CH:1002][CH:1003]=[O:1004]	CC(C)=CC=O	CSC(C)(C)C=C[O-]	5da894edceace072fe56	9dfe8f9d1f6d54ab8013	63873bf3cc344f2bc202	ok	-15.285061644943266
CAL35	CAL35:atom1	enal	C/C=C(\C)C=O	1;2;4;5	0;1;2;3;4;5	C/[CH:1001]=[C:1002](\C)[CH:1003]=[O:1004]	C/C=C(\C)C=O	CSC(C)C(C)=C[O-]	7b170a927933782df760	a53fa20d805df971d9d6	63873bf3cc344f2bc202	ok	-19.024365567837865
CAL36	CAL36:atom2	enal	CC/C=C(\C)C=O	2;3;5;6	0;1;2;3;4;5;6	CC/[CH:1001]=[C:1002](\C)[CH:1003]=[O:1004]	CC/C=C(\C)C=O	CCC(SC)C(C)=C[O-]	be1c160d44309281cf1c	d7020843f9dcbf515461	63873bf3cc344f2bc202	ok	-18.161275415328692
