calibrant_id	compound	family	CAS	source_doi	source_table	kGSH_L_mol_min	reported_rate_error	log10_kGSH	source_smiles	canonical_smiles	stereochemistry	note	record_id	site_id	family_site	parent_smiles	core_atom_indices	retained_parent_atoms	mapped_fragment_smiles	fragment_smiles	adduct_smiles	electrophile_job	adduct_job	thiolate_job	status	dE_kcal
CAL01	1-penten-3-one	enone	1629-58-9	10.1021/tx800492x	2	1261.0	63.0	3.1007150865730817	C=CC(=O)CC	C=CC(=O)CC	source name does not specify E/Z or no E/Z center		CAL01	CAL01:atom0	enone	C=CC(=O)CC	0;1;2;3	0;1;2;3;4;5	CC[C:1003]([CH:1002]=[CH2:1001])=[O:1004]	C=CC(=O)CC	CCC([O-])=CCSC	7154099b643037c3bce6	8cd4a9867e293a1cd69c	63873bf3cc344f2bc202	ok	-18.089188124219746
CAL02	1-hexen-3-one	enone	1629-60-3	10.1021/tx800492x	2	1173.0	30.0	3.0692980121155293	C=CC(=O)CCC	C=CC(=O)CCC	source name does not specify E/Z or no E/Z center		CAL02	CAL02:atom0	enone	C=CC(=O)CCC	0;1;2;3	0;1;2;3;4;5	CC[C:1003]([CH:1002]=[CH2:1001])=[O:1004]	C=CC(=O)CC	CCC([O-])=CCSC	7154099b643037c3bce6	8cd4a9867e293a1cd69c	63873bf3cc344f2bc202	ok	-18.089188124219746
CAL03	1-octen-3-one	enone	4312-99-6	10.1021/tx800492x	2	1074.0	13.0	3.0310042813635367	C=CC(=O)CCCCC	C=CC(=O)CCCCC	source name does not specify E/Z or no E/Z center		CAL03	CAL03:atom0	enone	C=CC(=O)CCCCC	0;1;2;3	0;1;2;3;4;5	CC[C:1003]([CH:1002]=[CH2:1001])=[O:1004]	C=CC(=O)CC	CCC([O-])=CCSC	7154099b643037c3bce6	8cd4a9867e293a1cd69c	63873bf3cc344f2bc202	ok	-18.089188124219746
CAL04	3-penten-2-one	enone	625-33-2	10.1021/tx800492x	2	26.7	0.9	1.4265112613645752	CC=CC(C)=O	CC=CC(C)=O	source name does not specify E/Z or no E/Z center		CAL04	CAL04:atom1	enone	CC=CC(C)=O	1;2;3;5	0;1;2;3;4;5	C[CH:1001]=[CH:1002][C:1003](C)=[O:1004]	CC=CC(C)=O	CSC(C)C=C(C)[O-]	00d6f0ae24278a9948d5	3eb44419e738c29363c3	63873bf3cc344f2bc202	ok	-13.10165230015027
CAL05	2-octen-4-one	enone	4643-27-0	10.1021/tx800492x	2	26.1	0.5	1.416640507338281	CC=CC(=O)CCC	CC=CC(=O)CCCC	source name does not specify E/Z or no E/Z center		CAL05	CAL05:atom1	enone	CC=CC(=O)CCCC	1;2;3;4	0;1;2;3;4;5;6	CC[C:1003]([CH:1002]=[CH:1001]C)=[O:1004]	CC=CC(=O)CC	CCC([O-])=CC(C)SC	4364ec585e7a5174251d	cbd554d6d17827bc7eb7	63873bf3cc344f2bc202	ok	-12.812313739599292
CAL06	2-cyclopenten-1-one	enone	930-30-3	10.1021/tx800492x	2	25.6	0.1	1.4082399653118496	O=C1CCC=C1	O=C1C=CCC1	source name does not specify E/Z or no E/Z center		CAL06	CAL06:atom3	enone	O=C1C=CCC1	3;2;1;0	0;1;2;3;4;5	C1C[C:1003](=[O:1004])[CH:1002]=[CH:1001]1	O=C1C=CCC1	CSC1C=C([O-])CC1	0d656c5afdf7bb933f72	7786efdb1acf69367da0	63873bf3cc344f2bc202	ok	-15.303314616177635
CAL07	4-hexen-3-one	enone	2497-21-4	10.1021/tx800492x	2	24.2	0.2	1.383815365980431	CC=CC(=O)CC	CC=CC(=O)CC	source name does not specify E/Z or no E/Z center		CAL07	CAL07:atom1	enone	CC=CC(=O)CC	1;2;3;4	0;1;2;3;4;5;6	CC[C:1003]([CH:1002]=[CH:1001]C)=[O:1004]	CC=CC(=O)CC	CCC([O-])=CC(C)SC	4364ec585e7a5174251d	cbd554d6d17827bc7eb7	63873bf3cc344f2bc202	ok	-12.812313739599292
CAL08	3-hepten-2-one	enone	1119-44-4	10.1021/tx800492x	2	12.5	0.3	1.0969100130080565	CC(=O)C=CCCC	CCCC=CC(C)=O	source name does not specify E/Z or no E/Z center		CAL08	CAL08:atom3	enone	CCCC=CC(C)=O	3;4;5;7	1;2;3;4;5;6;7	CC[CH:1001]=[CH:1002][C:1003](C)=[O:1004]	CCC=CC(C)=O	CCC(C=C(C)[O-])SC	8f509d81a97360d9fc94	84cd81f09f452b4841d5	63873bf3cc344f2bc202	ok	-14.178979980341229
CAL09	3-octen-2-one	enone	1669-44-9	10.1021/tx800492x	2	11.4	0.2	1.0569048513364727	CC(=O)C=CCCCC	CCCCC=CC(C)=O	source name does not specify E/Z or no E/Z center		CAL09	CAL09:atom4	enone	CCCCC=CC(C)=O	4;5;6;8	2;3;4;5;6;7;8	CC[CH:1001]=[CH:1002][C:1003](C)=[O:1004]	CCC=CC(C)=O	CCC(C=C(C)[O-])SC	8f509d81a97360d9fc94	84cd81f09f452b4841d5	63873bf3cc344f2bc202	ok	-14.178979980341229
CAL10	3-nonen-2-one	enone	14309-57-0	10.1021/tx800492x	2	10.8	0.2	1.0334237554869496	CC(=O)C=CCCCCC	CCCCCC=CC(C)=O	source name does not specify E/Z or no E/Z center		CAL10	CAL10:atom5	enone	CCCCCC=CC(C)=O	5;6;7;9	3;4;5;6;7;8;9	CC[CH:1001]=[CH:1002][C:1003](C)=[O:1004]	CCC=CC(C)=O	CCC(C=C(C)[O-])SC	8f509d81a97360d9fc94	84cd81f09f452b4841d5	63873bf3cc344f2bc202	ok	-14.178979980341229
CAL11	3-methyl-3-penten-2-one	enone	565-62-8	10.1021/tx800492x	2	0.779	0.018	-0.1084625423274355	CC=C(C)C(C)=O	CC=C(C)C(C)=O	source name does not specify E/Z or no E/Z center		CAL11	CAL11:atom1	enone	CC=C(C)C(C)=O	1;2;4;6	0;1;2;3;4;5;6	C[CH:1001]=[C:1002](C)[C:1003](C)=[O:1004]	CC=C(C)C(C)=O	CSC(C)C(C)=C(C)[O-]	21425dab90cfff9eebbe	dc6b5343b2e5bf3a8865	63873bf3cc344f2bc202	ok	-11.812698364501724
CAL12	4-methyl-3-penten-2-one	enone	141-79-7	10.1021/tx800492x	2	0.208	0.007	-0.6819366650372385	CC(=O)C=C(C)C	CC(=O)C=C(C)C	source name does not specify E/Z or no E/Z center		CAL12	CAL12:atom4	enone	CC(=O)C=C(C)C	4;3;1;2	0;1;2;3;4;5;6	C[C:1001](C)=[CH:1002][C:1003](C)=[O:1004]	CC(=O)C=C(C)C	CSC(C)(C)C=C(C)[O-]	72a186dd058b1f78c638	bf41a185a2d9b65311dd	63873bf3cc344f2bc202	ok	-8.307086421669188
CAL13	2-methyl-2-cyclopenten-1-one	enone	1120-73-6	10.1021/tx800492x	2	0.2	0.001	-0.6989700043360187	CC1=CCCC1=O	CC1=CCCC1=O	source name does not specify E/Z or no E/Z center		CAL13	CAL13:atom2	enone	CC1=CCCC1=O	2;1;5;6	0;1;2;3;4;5;6	C[C:1002]1=[CH:1001]CC[C:1003]1=[O:1004]	CC1=CCCC1=O	CSC1CCC([O-])=C1C	3bda2e2ae9b42c2200b1	0f191e4774219f74e0f9	63873bf3cc344f2bc202	ok	-12.597049052285298
CAL14	3-methyl-2-cyclopenten-1-one	enone	2758-18-1	10.1021/tx800492x	2	0.074	0.002	-1.1307682802690238	CC1=CC(=O)CC1	CC1=CC(=O)CC1	source name does not specify E/Z or no E/Z center		CAL14	CAL14:atom1	enone	CC1=CC(=O)CC1	1;2;3;4	0;1;2;3;4;5;6	C[C:1001]1=[CH:1002][C:1003](=[O:1004])CC1	CC1=CC(=O)CC1	CSC1(C)C=C([O-])CC1	de09b53ec6d56b4fbe20	9f3856dad6235a978c07	63873bf3cc344f2bc202	ok	-9.887409282584953
CAL15	methyl acrylate	ester	96-33-3	10.1021/tx800492x	2	11.4	0.3	1.0569048513364727	C=CC(=O)OC	C=CC(=O)OC	source name does not specify E/Z or no E/Z center		CAL15	CAL15:atom0	ester	C=CC(=O)OC	0;1;2;3	0;1;2;3;4;5	CO[C:1003]([CH:1002]=[CH2:1001])=[O:1004]	C=CC(=O)OC	COC([O-])=CCSC	7eef9856e5d090f08a96	d5e88cef34096f3a762f	63873bf3cc344f2bc202	ok	-19.447106770208293
CAL16	ethyl acrylate	ester	140-88-5	10.1021/tx800492x	2	10.6	0.1	1.0253058652647702	C=CC(=O)OCC	C=CC(=O)OCC	source name does not specify E/Z or no E/Z center		CAL16	CAL16:atom0	ester	C=CC(=O)OCC	0;1;2;3	0;1;2;3;4;5	CO[C:1003]([CH:1002]=[CH2:1001])=[O:1004]	C=CC(=O)OC	COC([O-])=CCSC	7eef9856e5d090f08a96	d5e88cef34096f3a762f	63873bf3cc344f2bc202	ok	-19.447106770208293
CAL17	n-propyl acrylate	ester	925-60-0	10.1021/tx800492x	2	10.2	0.3	1.0086001717619175	C=CC(=O)OCCC	C=CC(=O)OCCC	source name does not specify E/Z or no E/Z center		CAL17	CAL17:atom0	ester	C=CC(=O)OCCC	0;1;2;3	0;1;2;3;4;5	CO[C:1003]([CH:1002]=[CH2:1001])=[O:1004]	C=CC(=O)OC	COC([O-])=CCSC	7eef9856e5d090f08a96	d5e88cef34096f3a762f	63873bf3cc344f2bc202	ok	-19.447106770208293
CAL18	n-butyl acrylate	ester	141-32-2	10.1021/tx800492x	2	8.54	0.2	0.931457870689005	C=CC(=O)OCCCC	C=CC(=O)OCCCC	source name does not specify E/Z or no E/Z center		CAL18	CAL18:atom0	ester	C=CC(=O)OCCCC	0;1;2;3	0;1;2;3;4;5	CO[C:1003]([CH:1002]=[CH2:1001])=[O:1004]	C=CC(=O)OC	COC([O-])=CCSC	7eef9856e5d090f08a96	d5e88cef34096f3a762f	63873bf3cc344f2bc202	ok	-19.447106770208293
CAL19	methyl crotonate	ester	623-43-8	10.1021/tx800492x	2	0.164	0.005	-0.785156151952302	CC=CC(=O)OC	CC=CC(=O)OC	source name does not specify E/Z or no E/Z center		CAL19	CAL19:atom1	ester	CC=CC(=O)OC	1;2;3;4	0;1;2;3;4;5;6	CO[C:1003]([CH:1002]=[CH:1001]C)=[O:1004]	CC=CC(=O)OC	COC([O-])=CC(C)SC	825291746729aa2e8308	780177709d9b63bb9bfc	63873bf3cc344f2bc202	ok	-13.901846281898855
CAL20	ethyl crotonate	ester	623-70-1	10.1021/tx800492x	2	0.161	0.002	-0.7931741239681502	CC=CC(=O)OCC	CC=CC(=O)OCC	source name does not specify E/Z or no E/Z center		CAL20	CAL20:atom1	ester	CC=CC(=O)OCC	1;2;3;4	0;1;2;3;4;5;6	CO[C:1003]([CH:1002]=[CH:1001]C)=[O:1004]	CC=CC(=O)OC	COC([O-])=CC(C)SC	825291746729aa2e8308	780177709d9b63bb9bfc	63873bf3cc344f2bc202	ok	-13.901846281898855
CAL21	methyl methacrylate	ester	80-62-6	10.1021/tx800492x	2	0.072	0.004	-1.1426675035687317	C=C(C)C(=O)OC	C=C(C)C(=O)OC	source name does not specify E/Z or no E/Z center		CAL21	CAL21:atom0	ester	C=C(C)C(=O)OC	0;1;3;4	0;1;2;3;4;5;6	CO[C:1003]([C:1002](C)=[CH2:1001])=[O:1004]	C=C(C)C(=O)OC	COC([O-])=C(C)CSC	a6a3a54dd9b87a8a365d	5f7f4f5f44997e3bb932	63873bf3cc344f2bc202	ok	-15.736774568104638
CAL22	ethyl methacrylate	ester	97-63-2	10.1021/tx800492x	2	0.058	0.005	-1.2365720064370629	C=C(C)C(=O)OCC	C=C(C)C(=O)OCC	source name does not specify E/Z or no E/Z center		CAL22	CAL22:atom0	ester	C=C(C)C(=O)OCC	0;1;3;4	0;1;2;3;4;5;6	CO[C:1003]([C:1002](C)=[CH2:1001])=[O:1004]	C=C(C)C(=O)OC	COC([O-])=C(C)CSC	a6a3a54dd9b87a8a365d	5f7f4f5f44997e3bb932	63873bf3cc344f2bc202	ok	-15.736774568104638
CAL23	methyl tiglate	ester	6622-76-0	10.1021/tx800492x	2	0.007	0.001	-2.154901959985743	CC=C(C)C(=O)OC	C/C=C(\C)C(=O)OC	explicit source-named geometry		CAL23	CAL23:atom1	ester	C/C=C(\C)C(=O)OC	1;2;4;5	0;1;2;3;4;5;6;7	CO[C:1003](/[C:1002](C)=[CH:1001]/C)=[O:1004]	C/C=C(\C)C(=O)OC	COC([O-])=C(C)C(C)SC	2d67f2c0c8fbe9e3fd3e	45b330041a48775c0812	63873bf3cc344f2bc202	ok	-11.93330027436887
CAL24	2-methylacrolein	enal	78-85-3	10.1021/tx100226n	1	203.0	6.0	2.307496037913213	C=C(C)C=O	C=C(C)C=O	source name does not specify E/Z or no E/Z center		CAL24	CAL24:atom0	enal	C=C(C)C=O	0;1;3;4	0;1;2;3;4	C[C:1002](=[CH2:1001])[CH:1003]=[O:1004]	C=C(C)C=O	CSCC(C)=C[O-]	711a8329f597ce5c023f	d61bcfad6618d75999b1	63873bf3cc344f2bc202	ok	-19.7266873107944
CAL25	2-ethylacrolein	enal	922-63-4	10.1021/tx100226n	1	59.4	0.9	1.7737864449811935	C=C(CC)C=O	C=C(C=O)CC	source name does not specify E/Z or no E/Z center		CAL25	CAL25:atom0	enal	C=C(C=O)CC	0;1;2;3	0;1;2;3;4;5	CC[C:1002](=[CH2:1001])[CH:1003]=[O:1004]	C=C(C=O)CC	CCC(=C[O-])CSC	efed49ecc821e3fc1cf7	c4d47eda16ab32e5f9fc	63873bf3cc344f2bc202	ok	-21.764612515633136
CAL26	trans-2-pentenal	enal	1576-87-0	10.1021/tx100226n	1	28.3	1.7	1.4517864355242902	CCC=CC=O	CC/C=C/C=O	explicit source-named geometry		CAL26	CAL26:atom2	enal	CC/C=C/C=O	2;3;4;5	0;1;2;3;4;5	CC/[CH:1001]=[CH:1002]/[CH:1003]=[O:1004]	CC/C=C/C=O	CCC(C=C[O-])SC	0ec20fb89c8ed24eb1bb	b3f70aa1abcee2eb05cf	63873bf3cc344f2bc202	ok	-20.94647695105914
CAL27	trans-2,cis-6-nonadienal	enal	557-48-2	10.1021/tx100226n	1	22.8	2.2	1.3579348470004535	CCC=CCCC=CC=O	CC/C=C\CC/C=C/C=O	explicit source-named geometry		CAL27	CAL27:atom6	enal	CC/C=C\CC/C=C/C=O	6;7;8;9	4;5;6;7;8;9	CC/[CH:1001]=[CH:1002]/[CH:1003]=[O:1004]	CC/C=C/C=O	CCC(C=C[O-])SC	0ec20fb89c8ed24eb1bb	b3f70aa1abcee2eb05cf	63873bf3cc344f2bc202	ok	-20.94647695105914
CAL28	trans-2-octenal	enal	2548-87-0	10.1021/tx100226n	1	18.0	0.1	1.255272505103306	CCCCCC=CC=O	CCCCC/C=C/C=O	explicit source-named geometry		CAL28	CAL28:atom5	enal	CCCCC/C=C/C=O	5;6;7;8	3;4;5;6;7;8	CC/[CH:1001]=[CH:1002]/[CH:1003]=[O:1004]	CC/C=C/C=O	CCC(C=C[O-])SC	0ec20fb89c8ed24eb1bb	b3f70aa1abcee2eb05cf	63873bf3cc344f2bc202	ok	-20.94647695105914
CAL29	4-methyl-2-pentenal	enal	5362-56-1	10.1021/tx100226n	1	10.6	0.5	1.0253058652647702	CC(C)C=CC=O	CC(C)C=CC=O	source name does not specify E/Z or no E/Z center		CAL29	CAL29:atom3	enal	CC(C)C=CC=O	3;4;5;6	0;1;2;3;4;5;6	CC(C)[CH:1001]=[CH:1002][CH:1003]=[O:1004]	CC(C)C=CC=O	CSC(C=C[O-])C(C)C	cc0aff2051ae4f729316	06b515d8ee2c481d263a	63873bf3cc344f2bc202	ok	-21.429446040214582
CAL30	trans-2-decenal	enal	3913-81-3	10.1021/tx100226n	1	10.1	0.1	1.0043213737826426	CCCCCCCC=CC=O	CCCCCCC/C=C/C=O	explicit source-named geometry		CAL30	CAL30:atom7	enal	CCCCCCC/C=C/C=O	7;8;9;10	5;6;7;8;9;10	CC/[CH:1001]=[CH:1002]/[CH:1003]=[O:1004]	CC/C=C/C=O	CCC(C=C[O-])SC	0ec20fb89c8ed24eb1bb	b3f70aa1abcee2eb05cf	63873bf3cc344f2bc202	ok	-20.94647695105914
CAL31	trans,trans-2,4-hexadienal	enal	142-83-6	10.1021/tx100226n	1	6.74	0.34	0.8286598965353198	CC=CC=CC=O	C/C=C/C=C/C=O	explicit source-named geometry		CAL31	CAL31:atom3	enal	C/C=C/C=C/C=O	3;4;5;6	1;2;3;4;5;6	C=C/[CH:1001]=[CH:1002]/[CH:1003]=[O:1004]	C=C/C=C/C=O	C=CC(C=C[O-])SC	fabffdf04220d0eaa4af	af27d6fa993e53a58892	63873bf3cc344f2bc202	ok	-17.720178042141697
CAL32	trans,trans-2,4-heptadienal	enal	4313-03-5	10.1021/tx100226n	1	5.65	0.21	0.7520484478194386	CCC=CC=CC=O	CC/C=C/C=C/C=O	explicit source-named geometry		CAL32	CAL32:atom4	enal	CC/C=C/C=C/C=O	4;5;6;7	2;3;4;5;6;7	C=C/[CH:1001]=[CH:1002]/[CH:1003]=[O:1004]	C=C/C=C/C=O	C=CC(C=C[O-])SC	fabffdf04220d0eaa4af	af27d6fa993e53a58892	63873bf3cc344f2bc202	ok	-17.720178042141697
CAL33	trans,trans-2,4-nonadienal	enal	5910-87-2	10.1021/tx100226n	1	3.49	0.43	0.5428254269591799	CCCCC=CC=CC=O	CCCC/C=C/C=C/C=O	explicit source-named geometry		CAL33	CAL33:atom6	enal	CCCC/C=C/C=C/C=O	6;7;8;9	4;5;6;7;8;9	C=C/[CH:1001]=[CH:1002]/[CH:1003]=[O:1004]	C=C/C=C/C=O	C=CC(C=C[O-])SC	fabffdf04220d0eaa4af	af27d6fa993e53a58892	63873bf3cc344f2bc202	ok	-17.720178042141697
CAL34	3-methyl-2-butenal	enal	107-86-8	10.1021/tx100226n	1	1.71	0.07	0.2329961103921538	CC(C)=CC=O	CC(C)=CC=O	source name does not specify E/Z or no E/Z center		CAL34	CAL34:atom1	enal	CC(C)=CC=O	1;3;4;5	0;1;2;3;4;5	C[C:1001](C)=[CH:1002][CH:1003]=[O:1004]	CC(C)=CC=O	CSC(C)(C)C=C[O-]	5da894edceace072fe56	9dfe8f9d1f6d54ab8013	63873bf3cc344f2bc202	ok	-15.285061644943266
CAL35	trans-2-methyl-2-butenal	enal	497-03-0	10.1021/tx100226n	1	0.474	0.022	-0.324221658325915	CC=C(C)C=O	C/C=C(\C)C=O	explicit source-named geometry		CAL35	CAL35:atom1	enal	C/C=C(\C)C=O	1;2;4;5	0;1;2;3;4;5	C/[CH:1001]=[C:1002](\C)[CH:1003]=[O:1004]	C/C=C(\C)C=O	CSC(C)C(C)=C[O-]	7b170a927933782df760	a53fa20d805df971d9d6	63873bf3cc344f2bc202	ok	-19.024365567837865
CAL36	trans-2-methyl-2-pentenal	enal	623-36-9	10.1021/tx100226n	1	0.35	0.021	-0.4559319556497244	CCC=C(C)C=O	CC/C=C(\C)C=O	explicit source-named geometry	Source log column -0.56 differs from log10(0.350)=-0.455932; use reported rate constant.	CAL36	CAL36:atom2	enal	CC/C=C(\C)C=O	2;3;5;6	0;1;2;3;4;5;6	CC/[CH:1001]=[C:1002](\C)[CH:1003]=[O:1004]	CC/C=C(\C)C=O	CCC(SC)C(C)=C[O-]	be1c160d44309281cf1c	d7020843f9dcbf515461	63873bf3cc344f2bc202	ok	-18.16127541532869
