record_id	site_id	family	parent_smiles	core_atom_indices	retained_parent_atoms	mapped_fragment_smiles	fragment_smiles	adduct_smiles
CAL01	CAL01:atom0	enone	C=CC(=O)CC	0;1;2;3	0;1;2;3;4;5	CC[C:1003]([CH:1002]=[CH2:1001])=[O:1004]	C=CC(=O)CC	CCC([O-])=CCSC
CAL02	CAL02:atom0	enone	C=CC(=O)CCC	0;1;2;3	0;1;2;3;4;5	CC[C:1003]([CH:1002]=[CH2:1001])=[O:1004]	C=CC(=O)CC	CCC([O-])=CCSC
CAL03	CAL03:atom0	enone	C=CC(=O)CCCCC	0;1;2;3	0;1;2;3;4;5	CC[C:1003]([CH:1002]=[CH2:1001])=[O:1004]	C=CC(=O)CC	CCC([O-])=CCSC
CAL04	CAL04:atom1	enone	CC=CC(C)=O	1;2;3;5	0;1;2;3;4;5	C[CH:1001]=[CH:1002][C:1003](C)=[O:1004]	CC=CC(C)=O	CSC(C)C=C(C)[O-]
CAL05	CAL05:atom1	enone	CC=CC(=O)CCCC	1;2;3;4	0;1;2;3;4;5;6	CC[C:1003]([CH:1002]=[CH:1001]C)=[O:1004]	CC=CC(=O)CC	CCC([O-])=CC(C)SC
CAL06	CAL06:atom3	enone	O=C1C=CCC1	3;2;1;0	0;1;2;3;4;5	C1C[C:1003](=[O:1004])[CH:1002]=[CH:1001]1	O=C1C=CCC1	CSC1C=C([O-])CC1
CAL07	CAL07:atom1	enone	CC=CC(=O)CC	1;2;3;4	0;1;2;3;4;5;6	CC[C:1003]([CH:1002]=[CH:1001]C)=[O:1004]	CC=CC(=O)CC	CCC([O-])=CC(C)SC
CAL08	CAL08:atom3	enone	CCCC=CC(C)=O	3;4;5;7	1;2;3;4;5;6;7	CC[CH:1001]=[CH:1002][C:1003](C)=[O:1004]	CCC=CC(C)=O	CCC(C=C(C)[O-])SC
CAL09	CAL09:atom4	enone	CCCCC=CC(C)=O	4;5;6;8	2;3;4;5;6;7;8	CC[CH:1001]=[CH:1002][C:1003](C)=[O:1004]	CCC=CC(C)=O	CCC(C=C(C)[O-])SC
CAL10	CAL10:atom5	enone	CCCCCC=CC(C)=O	5;6;7;9	3;4;5;6;7;8;9	CC[CH:1001]=[CH:1002][C:1003](C)=[O:1004]	CCC=CC(C)=O	CCC(C=C(C)[O-])SC
CAL11	CAL11:atom1	enone	CC=C(C)C(C)=O	1;2;4;6	0;1;2;3;4;5;6	C[CH:1001]=[C:1002](C)[C:1003](C)=[O:1004]	CC=C(C)C(C)=O	CSC(C)C(C)=C(C)[O-]
CAL12	CAL12:atom4	enone	CC(=O)C=C(C)C	4;3;1;2	0;1;2;3;4;5;6	C[C:1001](C)=[CH:1002][C:1003](C)=[O:1004]	CC(=O)C=C(C)C	CSC(C)(C)C=C(C)[O-]
CAL13	CAL13:atom2	enone	CC1=CCCC1=O	2;1;5;6	0;1;2;3;4;5;6	C[C:1002]1=[CH:1001]CC[C:1003]1=[O:1004]	CC1=CCCC1=O	CSC1CCC([O-])=C1C
CAL14	CAL14:atom1	enone	CC1=CC(=O)CC1	1;2;3;4	0;1;2;3;4;5;6	C[C:1001]1=[CH:1002][C:1003](=[O:1004])CC1	CC1=CC(=O)CC1	CSC1(C)C=C([O-])CC1
CAL15	CAL15:atom0	ester	C=CC(=O)OC	0;1;2;3	0;1;2;3;4;5	CO[C:1003]([CH:1002]=[CH2:1001])=[O:1004]	C=CC(=O)OC	COC([O-])=CCSC
CAL16	CAL16:atom0	ester	C=CC(=O)OCC	0;1;2;3	0;1;2;3;4;5	CO[C:1003]([CH:1002]=[CH2:1001])=[O:1004]	C=CC(=O)OC	COC([O-])=CCSC
CAL17	CAL17:atom0	ester	C=CC(=O)OCCC	0;1;2;3	0;1;2;3;4;5	CO[C:1003]([CH:1002]=[CH2:1001])=[O:1004]	C=CC(=O)OC	COC([O-])=CCSC
CAL18	CAL18:atom0	ester	C=CC(=O)OCCCC	0;1;2;3	0;1;2;3;4;5	CO[C:1003]([CH:1002]=[CH2:1001])=[O:1004]	C=CC(=O)OC	COC([O-])=CCSC
CAL19	CAL19:atom1	ester	CC=CC(=O)OC	1;2;3;4	0;1;2;3;4;5;6	CO[C:1003]([CH:1002]=[CH:1001]C)=[O:1004]	CC=CC(=O)OC	COC([O-])=CC(C)SC
CAL20	CAL20:atom1	ester	CC=CC(=O)OCC	1;2;3;4	0;1;2;3;4;5;6	CO[C:1003]([CH:1002]=[CH:1001]C)=[O:1004]	CC=CC(=O)OC	COC([O-])=CC(C)SC
CAL21	CAL21:atom0	ester	C=C(C)C(=O)OC	0;1;3;4	0;1;2;3;4;5;6	CO[C:1003]([C:1002](C)=[CH2:1001])=[O:1004]	C=C(C)C(=O)OC	COC([O-])=C(C)CSC
CAL22	CAL22:atom0	ester	C=C(C)C(=O)OCC	0;1;3;4	0;1;2;3;4;5;6	CO[C:1003]([C:1002](C)=[CH2:1001])=[O:1004]	C=C(C)C(=O)OC	COC([O-])=C(C)CSC
CAL23	CAL23:atom1	ester	C/C=C(\C)C(=O)OC	1;2;4;5	0;1;2;3;4;5;6;7	CO[C:1003](/[C:1002](C)=[CH:1001]/C)=[O:1004]	C/C=C(\C)C(=O)OC	COC([O-])=C(C)C(C)SC
CAL24	CAL24:atom0	enal	C=C(C)C=O	0;1;3;4	0;1;2;3;4	C[C:1002](=[CH2:1001])[CH:1003]=[O:1004]	C=C(C)C=O	CSCC(C)=C[O-]
CAL25	CAL25:atom0	enal	C=C(C=O)CC	0;1;2;3	0;1;2;3;4;5	CC[C:1002](=[CH2:1001])[CH:1003]=[O:1004]	C=C(C=O)CC	CCC(=C[O-])CSC
CAL26	CAL26:atom2	enal	CC/C=C/C=O	2;3;4;5	0;1;2;3;4;5	CC/[CH:1001]=[CH:1002]/[CH:1003]=[O:1004]	CC/C=C/C=O	CCC(C=C[O-])SC
CAL27	CAL27:atom6	enal	CC/C=C\CC/C=C/C=O	6;7;8;9	4;5;6;7;8;9	CC/[CH:1001]=[CH:1002]/[CH:1003]=[O:1004]	CC/C=C/C=O	CCC(C=C[O-])SC
CAL28	CAL28:atom5	enal	CCCCC/C=C/C=O	5;6;7;8	3;4;5;6;7;8	CC/[CH:1001]=[CH:1002]/[CH:1003]=[O:1004]	CC/C=C/C=O	CCC(C=C[O-])SC
CAL29	CAL29:atom3	enal	CC(C)C=CC=O	3;4;5;6	0;1;2;3;4;5;6	CC(C)[CH:1001]=[CH:1002][CH:1003]=[O:1004]	CC(C)C=CC=O	CSC(C=C[O-])C(C)C
CAL30	CAL30:atom7	enal	CCCCCCC/C=C/C=O	7;8;9;10	5;6;7;8;9;10	CC/[CH:1001]=[CH:1002]/[CH:1003]=[O:1004]	CC/C=C/C=O	CCC(C=C[O-])SC
CAL31	CAL31:atom3	enal	C/C=C/C=C/C=O	3;4;5;6	1;2;3;4;5;6	C=C/[CH:1001]=[CH:1002]/[CH:1003]=[O:1004]	C=C/C=C/C=O	C=CC(C=C[O-])SC
CAL32	CAL32:atom4	enal	CC/C=C/C=C/C=O	4;5;6;7	2;3;4;5;6;7	C=C/[CH:1001]=[CH:1002]/[CH:1003]=[O:1004]	C=C/C=C/C=O	C=CC(C=C[O-])SC
CAL33	CAL33:atom6	enal	CCCC/C=C/C=C/C=O	6;7;8;9	4;5;6;7;8;9	C=C/[CH:1001]=[CH:1002]/[CH:1003]=[O:1004]	C=C/C=C/C=O	C=CC(C=C[O-])SC
CAL34	CAL34:atom1	enal	CC(C)=CC=O	1;3;4;5	0;1;2;3;4;5	C[C:1001](C)=[CH:1002][CH:1003]=[O:1004]	CC(C)=CC=O	CSC(C)(C)C=C[O-]
CAL35	CAL35:atom1	enal	C/C=C(\C)C=O	1;2;4;5	0;1;2;3;4;5	C/[CH:1001]=[C:1002](\C)[CH:1003]=[O:1004]	C/C=C(\C)C=O	CSC(C)C(C)=C[O-]
CAL36	CAL36:atom2	enal	CC/C=C(\C)C=O	2;3;5;6	0;1;2;3;4;5;6	CC/[CH:1001]=[C:1002](\C)[CH:1003]=[O:1004]	CC/C=C(\C)C=O	CCC(SC)C(C)=C[O-]
