family	n_unique	n_electrophilic	pct_electrophilic
Asclepiadaceae	4	4	100.0
Chaetosphaeriales	2	2	100.0
Didemnidae	2	2	100.0
Hexabranchidae	1	1	100.0
Ganodermataceae	3	3	100.0
Gymnoascaceae	12	12	100.0
Dysideidae	2	2	100.0
Melianthaceae	6	6	100.0
Theonellidae	3	3	100.0
Spongiidae	3	3	100.0
Pandanaceae	2	2	100.0
Didymellaceae	7	6	85.71428571428571
Oleaceae	31	25	80.64516129032258
Plantaginaceae	38	30	78.94736842105263
Canellaceae	28	22	78.57142857142857
Sporormiaceae	9	7	77.77777777777777
Sargassaceae-Fucaceae	27	21	77.77777777777777
Aizoaceae	4	3	75.0
Cactaceae	4	3	75.0
Oscillatoriaceae	8	6	75.0
Verbenaceae	47	35	74.46808510638297
Globulariaceae	11	8	72.72727272727273
Cypress	7	5	71.42857142857143
Amphisphaeriaceae	7	5	71.42857142857143
Hypneaceae	3	2	66.66666666666667
Gunneraceae	6	4	66.66666666666667
Magnoliaceae	12	8	66.66666666666667
Xeniidae	3	2	66.66666666666667
Sphacelariaceae	3	2	66.66666666666667
Potamogetonaceae	6	4	66.66666666666667
Cecropiaceae	9	6	66.66666666666667
Haematococcaceae	3	2	66.66666666666667
Podocarpaceae	14	9	64.28571428571429
Hymenochaetaceae	19	12	63.1578947368421
Zingiberaceae	8	5	62.5
Phyllanthaceae-Euphorbiaceae	5	3	60.0
Primulaceae	10	6	60.0
Rubiaceae	231	135	58.44155844155844
Marchantiaceae	9	5	55.55555555555556
Araucariaceae	9	5	55.55555555555556
Convolvulaceae	29	16	55.172413793103445
Cucurbitaceae	44	24	54.54545454545455
Boraginaceae	79	43	54.43037974683544
Ebenaceae	29	15	51.724137931034484
Podospongiidae	31	16	51.61290322580645
Thymelaeaceae	58	29	50.0
Uberculariaceae	2	1	50.0
Sphaerococcaceae	4	2	50.0
Hydrocharitaceae	4	2	50.0
Bionectriaceae	10	5	50.0
Chaetomiaceae	42	21	50.0
Azzolaceae	6	3	50.0
Labiateae	2	1	50.0
Nephtheidae	4	2	50.0
Pittosporaceae	4	2	50.0
Linaceae	2	1	50.0
Commelinaceae	6	3	50.0
Dipsacaceae	4	2	50.0
Cystoseiraceae	2	1	50.0
Dendrophylliidae	10	5	50.0
Hyacinthaceae:Urgineoideae	4	2	50.0
Celastraceae	52	25	48.07692307692308
Asteraceae	1450	697	48.06896551724138
Meliaceae	257	121	47.08171206225681
Incertae sedis	17	8	47.05882352941177
Scrophulariaceae	49	23	46.93877551020408
Asphodelaceae	163	75	46.012269938650306
Alcyoniidae	85	39	45.88235294117647
Pleosporaceae	22	10	45.45454545454545
Phaeosphaeriaceae	11	5	45.45454545454545
Bignoniaceae	82	37	45.1219512195122
Montagnulaceae	9	4	44.44444444444444
Amaranthaceae	16	7	43.75
Liliaceae	38	16	42.10526315789474
Hericiaceae	5	2	40.0
Polyporaceae	5	2	40.0
Ptaeroxylaceae	25	10	40.0
Adoxaceae	5	2	40.0
Botryosphaeriaceae	15	6	40.0
Solanaceae	147	58	39.45578231292517
Myrsinaceae	61	24	39.34426229508197
Thorectidae	28	11	39.285714285714285
Bovidae	23	9	39.130434782608695
Desmacellidae	8	3	37.5
Apocynaceae	324	121	37.34567901234568
Sapindaceae	43	16	37.2093023255814
Tribulaceae	19	7	36.8421052631579
Apiaceae	346	127	36.70520231213873
Trichocomaceae	221	79	35.74660633484163
Dioscoreaceae	14	5	35.714285714285715
Acanthaceae	55	19	34.54545454545455
Lamiaceae	496	169	34.07258064516129
Euphorbiaceae	471	157	33.333333333333336
Mesembryanthemaceae-Aizoaceae	6	2	33.333333333333336
Simaroubaceae	24	8	33.333333333333336
Annonaceae	242	76	31.40495867768595
Moringaceae	13	4	30.76923076923077
Pseudoceratinidae	13	4	30.76923076923077
Streptomycetaceae	7	2	28.571428571428573
Loganiaceae	56	16	28.571428571428573
Polygonaceae	39	11	28.205128205128204
Lauraceae	25	7	28.0
Mimosaceae	62	17	27.419354838709676
Apidae	44	12	27.272727272727273
Juncaceae	11	3	27.272727272727273
Trichosphaeriaceae	15	4	26.666666666666668
Aplysinellidae	15	4	26.666666666666668
Anacardiaceae	80	21	26.25
Hypericaceae	100	26	26.0
Resedaceae	16	4	25.0
Ulvaceae	4	1	25.0
Nymphaeaceae	4	1	25.0
Plumbaginaceae	4	1	25.0
Asparagaceae	37	9	24.324324324324323
Clusiaceae	99	24	24.242424242424242
Caprifoliaceae	30	7	23.333333333333332
Ranunculaceae	13	3	23.076923076923077
Tiliaceae	9	2	22.22222222222222
Gentianaceae	14	3	21.428571428571427
Malvaceae	40	8	20.0
Pleosporineae	10	2	20.0
unknown	5	1	20.0
Brassicaceae	82	16	19.51219512195122
Ochnaceae	36	7	19.444444444444443
Fabaceae	678	129	19.02654867256637
Zygophyllaceae	101	19	18.81188118811881
Capparaceae	102	19	18.627450980392158
Caryophyllaceae	70	13	18.571428571428573
Rhamnaceae	61	11	18.0327868852459
Onagraceae	17	3	17.647058823529413
Dictyotaceae	12	2	16.666666666666668
Eurotiomycetidae	6	1	16.666666666666668
Polygalaceae	12	2	16.666666666666668
Pteridaceae	6	1	16.666666666666668
Dioscoraceae	6	1	16.666666666666668
Pinaceae	37	6	16.216216216216218
Cistaceae	26	4	15.384615384615385
Cyperaceae	46	7	15.217391304347826
Sapotaceae	87	13	14.942528735632184
Fagaceae	47	7	14.893617021276595
Rutaceae	215	31	14.418604651162791
Pontideraceae	7	1	14.285714285714286
Caesalpiniaceae	14	2	14.285714285714286
Chenopodiaceae	144	20	13.88888888888889
Rosaceae	67	9	13.432835820895523
Myristicaceae	15	2	13.333333333333334
Myrtaceae	99	13	13.131313131313131
Poaceae	32	4	12.5
Dracaenaceae	49	6	12.244897959183673
Tamaricaceae	112	13	11.607142857142858
Cannabaceae	26	3	11.538461538461538
Iridaceae	52	6	11.538461538461538
Loranthaceae	9	1	11.11111111111111
Menispermaceae	9	1	11.11111111111111
Ephedraceae	9	1	11.11111111111111
Nectriaceae	19	2	10.526315789473685
Niphatidae	10	1	10.0
Moraceae	133	13	9.774436090225564
Callyspongiidae	42	4	9.523809523809524
Cupressaceae	120	11	9.166666666666666
Dipterocarpaceae	11	1	9.090909090909092
Salicaceae	11	1	9.090909090909092
Burseraceae	157	13	8.280254777070065
Hyacinthaceae	78	6	7.6923076923076925
Arecaceae	69	5	7.246376811594203
Combretaceae	66	4	6.0606060606060606
Amaryllidaceae	104	6	5.769230769230769
Agavaceae	35	1	2.857142857142857
Ancistrocladaceae	139	3	2.158273381294964
Araliaceae	105	2	1.9047619047619047
Alysseae	2	0	0.0
Achariaceae	9	0	0.0
Agaricaceae	1	0	0.0
Actiinidae	1	0	0.0
Axinellidae	4	0	0.0
Anchinoidae	2	0	0.0
Ascidiaceae	2	0	0.0
Aristolochiaceae	3	0	0.0
Archaeidae	2	0	0.0
Araceae	2	0	0.0
Arabideae	2	0	0.0
Aplysiidae	2	0	0.0
Clavelinidae	3	0	0.0
Bacillaceae	1	0	0.0
Bombacaceae	2	0	0.0
Avicenniaceae	3	0	0.0
Berberidaceae	2	0	0.0
Campanulaceae	4	0	0.0
Calophyllaceae	2	0	0.0
Caesalpinioideae	6	0	0.0
Chromodorididae	7	0	0.0
Chrysobalanaceae	5	0	0.0
Hypecoaceae	3	0	0.0
Hymedesmiidae	5	0	0.0
Hydnoraceae	2	0	0.0
Hyacinthaceae: Hyacinthoideae	5	0	0.0
Glomerellaceae	2	0	0.0
Frankeniaceae	5	0	0.0
Gelidiaceae	2	0	0.0
Geraniaceae	4	0	0.0
Eucilideae	2	0	0.0
Ericaceae	3	0	0.0
Eupatorieae	4	0	0.0
Flacourtiaceae	6	0	0.0
Fumariaceae	10	0	0.0
Diadematidae	4	0	0.0
Dichapetalaceae	4	0	0.0
Dioncophyllaceae	5	0	0.0
Dematiaceae	8	0	0.0
Cordycipitaceae	2	0	0.0
Cleomaceae	5	0	0.0
Dictyonellidae	12	0	0.0
Dilleniaceae	3	0	0.0
Corallinaceae	7	0	0.0
Juglandaceae	11	0	0.0
Lactobacillaceae	18	0	0.0
Irvingiaceae	4	0	0.0
Hypocreaceae	7	0	0.0
Lepideae	1	0	0.0
Leucettidae	5	0	0.0
Microcionidae	4	0	0.0
Micrococcaceae	1	0	0.0
Mimosoideae	4	0	0.0
Molluginaceae	5	0	0.0
Pleosporomycetidae	8	0	0.0
Piperaceae	11	0	0.0
Papaveraceae	16	0	0.0
Pedaliaceae	1	0	0.0
Myricaceae	5	0	0.0
Mucoraceae	4	0	0.0
Neuradaceae	2	0	0.0
Nitrariaceae	3	0	0.0
Melastomaceae	6	0	0.0
Matthioleae	1	0	0.0
Lythraceae	4	0	0.0
Lyophyllaceae	2	0	0.0
Proteaceae	2	0	0.0
Portulacacea	2	0	0.0
Ruscaceae	13	0	0.0
Punicaceae	1	0	0.0
Scytosiphonaceae	2	0	0.0
Sargassaceae	12	0	0.0
Salvadoraceae	3	0	0.0
Russulaceae	1	0	0.0
Rhodomelaceae	4	0	0.0
Rhizophoraceae	10	0	0.0
Sordariaceae	3	0	0.0
Sporocadaceae	1	0	0.0
Sterculiaceae	9	0	0.0
Sisymbrieae	2	0	0.0
Valsaceae	3	0	0.0
Urticaceae	10	0	0.0
Ximeniaceae	4	0	0.0
Vitaceae	11	0	0.0
Violaceae	4	0	0.0
Xylariaceae	3	0	0.0
