name	smiles	is_covalent	expected_class	category	flagged	predicted_patterns	in_development	assessment
N-phenylacrylamide	C=CC(=O)Nc1ccccc1	1	acrylamide	drug_covalent	1	acrylamide	0	internal rule regression set
methyl acrylate	C=CC(=O)OC	1	acrylate_ester	reagent_covalent	1	acrylate_ester	0	internal rule regression set
methyl vinyl ketone	C=CC(C)=O	1	enone_ketone_acyclic	reagent_covalent	1	enone_ketone_acyclic	1	internal rule regression set
2-cyclohexen-1-one	O=C1CCCC=C1	1	enone_cyclic	reagent_covalent	1	enone_cyclic	0	internal rule regression set
tulipalin A	C=C1CCOC1=O	1	methylene_butyrolactone	np_covalent	1	acrylate_ester;methylene_butyrolactone	0	internal rule regression set
protoanemonin	C=C1C=CC(=O)O1	1	unsat_lactone	np_covalent	1	acrylate_ester;unsat_lactone	0	internal rule regression set
1,4-naphthoquinone	O=C1C=CC(=O)c2ccccc12	1	para_quinone	np_covalent	1	enone_cyclic;para_quinone	0	internal rule regression set
divinyl sulfone	C=CS(=O)(=O)C=C	1	vinyl_sulfone	reagent_covalent	1	vinyl_sulfone	0	internal rule regression set
acrylonitrile	C=CC#N	1	vinyl_nitrile	reagent_covalent	1	nitrile;vinyl_nitrile	0	internal rule regression set
trans-cinnamaldehyde	O=C/C=C/c1ccccc1	1	enal	np_covalent	1	aldehyde;enal	0	internal rule regression set
crotonaldehyde	C/C=C/C=O	1	enal	reagent_covalent	1	aldehyde;enal	0	internal rule regression set
chalcone	O=C(/C=C/c1ccccc1)c1ccccc1	1	chalcone	np_covalent	1	chalcone;enone_ketone_acyclic	0	internal rule regression set
styrene oxide	C1OC1c1ccccc1	1	epoxide	reagent_covalent	1	epoxide	1	internal rule regression set
glycidol	OCC1CO1	1	epoxide	reagent_covalent	1	epoxide	0	internal rule regression set
iodoacetamide	NC(=O)CI	1	alpha_halo_carbonyl	drug_covalent	1	alpha_halo_carbonyl	0	internal rule regression set
2-bromoacetophenone	O=C(CBr)c1ccccc1	1	alpha_halo_carbonyl	reagent_covalent	1	alpha_halo_carbonyl	0	internal rule regression set
phenyl isothiocyanate	S=C=Nc1ccccc1	1	isothiocyanate	reagent_covalent	1	isothiocyanate	0	internal rule regression set
sulforaphane	CS(=O)CCCCN=C=S	1	isothiocyanate	np_covalent	1	isothiocyanate	1	internal rule regression set
beta-propiolactone	O=C1CCO1	1	beta_lactone	reagent_covalent	1	beta_lactone	0	internal rule regression set
N-methylmaleimide	O=C1C=CC(=O)N1C	1	michael_acceptor	reagent_covalent	1	acrylamide	0	internal rule regression set
dimethyl maleate	O=C(OC)/C=C\C(=O)OC	1	acrylate_ester	reagent_covalent	1	acrylate_ester	0	internal rule regression set
2-cyclopentenone	O=C1CCC=C1	1	enone_cyclic	reagent_covalent	1	enone_cyclic	0	internal rule regression set
chromone	O=c1ccoc2ccccc12	0	none	np_noncovalent_hard	0		0	internal rule regression set
flavone	O=c1cc(-c2ccccc2)oc2ccccc12	0	none	np_noncovalent_hard	0		0	internal rule regression set
coumarin	O=c1ccc2ccccc2o1	0	none	np_noncovalent_hard	0		0	internal rule regression set
genistein	O=c1c(-c2ccc(O)cc2)coc2cc(O)cc(O)c12	0	none	np_noncovalent_hard	0		0	internal rule regression set
kaempferol	O=c1c(O)c(-c2ccc(O)cc2)oc2cc(O)cc(O)c12	0	none	np_noncovalent_hard	0		0	internal rule regression set
4-hydroxycoumarin	Oc1cc(=O)oc2ccccc12	0	none	np_noncovalent_hard	0		0	internal rule regression set
acetophenone	CC(=O)c1ccccc1	0	none	noncovalent_hard	0		0	internal rule regression set
cyclohexanone	O=C1CCCCC1	0	none	noncovalent_hard	0		0	internal rule regression set
methyl benzoate	COC(=O)c1ccccc1	0	none	noncovalent_hard	0		0	internal rule regression set
ethyl acetate	CCOC(C)=O	0	none	noncovalent	0		0	internal rule regression set
acetanilide	CC(=O)Nc1ccccc1	0	none	noncovalent_hard	0		0	internal rule regression set
benzoic acid	OC(=O)c1ccccc1	0	none	noncovalent	0		0	internal rule regression set
ibuprofen	CC(C)Cc1ccc(C(C)C(=O)O)cc1	0	none	drug_noncovalent	0		1	internal rule regression set
naproxen	COc1ccc2cc(C(C)C(=O)O)ccc2c1	0	none	drug_noncovalent	0		1	internal rule regression set
benzene	c1ccccc1	0	none	noncovalent	0		0	internal rule regression set
caffeine	Cn1cnc2c1c(=O)n(C)c(=O)n2C	0	none	np_noncovalent	0		1	internal rule regression set
D-glucose	OCC1OC(O)C(O)C(O)C1O	0	none	np_noncovalent	0		1	internal rule regression set
cholesterol	CC(C)CCCC(C)C1CCC2C1(C)CCC1C2CC=C2CC(O)CCC12C	0	none	np_noncovalent	0		0	internal rule regression set
warfarin	CC(=O)CC(c1ccccc1)c1c(O)c2ccccc2oc1=O	0	none	drug_noncovalent_hard	0		0	internal rule regression set
4-(dimethylamino)but-3-en-2-one	CN(C)/C=C/C(C)=O	0	none	noncovalent_hard_pushpull	1	enone_ketone_acyclic	0	internal rule regression set
4-methoxy-3-buten-2-one	CO/C=C/C(C)=O	0	none	noncovalent_hard_pushpull	1	enone_ketone_acyclic	0	internal rule regression set
