motif_id	mechanism_group	name	smarts	reactive_atom_hint	attach_idx	reversibility	notes	candidate_query_indices	index_convention
enone_ketone_acyclic	michael_acceptor	Vinyl / acyclic alpha,beta-unsaturated ketone	[CX3;!R]=[CX3;!R][CX3](=O)[#6]	beta_C	0	condition-dependent; not assigned by substructure	Classic Michael acceptor; beta-carbon (SMARTS idx0) is electrophilic centre	0	zero-based atom indices of reparsed emitted canonical SMILES
enal	michael_acceptor	alpha,beta-unsaturated aldehyde (enal)	[CX3]=[CX3][CX3H1]=O	beta_C	0	condition-dependent; not assigned by substructure	e.g. cinnamaldehyde	0	zero-based atom indices of reparsed emitted canonical SMILES
acrylate_ester	michael_acceptor	alpha,beta-unsaturated ester	[CX3]=[CX3][CX3](=O)[OX2][#6]	beta_C	0	condition-dependent; not assigned by substructure		0	zero-based atom indices of reparsed emitted canonical SMILES
acrylic_acid	michael_acceptor	alpha,beta-unsaturated carboxylic acid	[CX3]=[CX3][CX3](=O)[OX2H1]	beta_C	0	condition-dependent; not assigned by substructure		0	zero-based atom indices of reparsed emitted canonical SMILES
acrylamide	michael_acceptor	alpha,beta-unsaturated amide (acrylamide)	[CX3]=[CX3][CX3](=O)[NX3]	beta_C	0	condition-dependent; not assigned by substructure	Common synthetic motif; occurs in some NPs	0	zero-based atom indices of reparsed emitted canonical SMILES
vinyl_nitrile	michael_acceptor	alpha,beta-unsaturated nitrile	[CX3]=[CX3][CX2]#[NX1]	beta_C	0	condition-dependent; not assigned by substructure		0	zero-based atom indices of reparsed emitted canonical SMILES
vinyl_sulfone	michael_acceptor	Vinyl sulfone	[CX3]=[CX3][SX4](=O)(=O)	beta_C	0	condition-dependent; not assigned by substructure	Potent cysteine-protease motif (cf. K11777)	0	zero-based atom indices of reparsed emitted canonical SMILES
enone_cyclic	michael_acceptor	Cyclic enone (in-ring C=C-C=O)	[CX3;R]=[CX3;R][CX3;R](=[OX1])[#6]	beta_C	0	condition-dependent; not assigned by substructure	Carbonyl carbon bears carbon substituents; excludes lactones and lactams.	0	zero-based atom indices of reparsed emitted canonical SMILES
unsat_lactone	michael_acceptor	alpha,beta-unsaturated cyclic ester	[OX2;R][CX3;R](=O)[CX3;R]=[CX3;R]	beta_C	4	condition-dependent; not assigned by substructure	Conjugated cyclic ester; no ring-size restriction.	4	zero-based atom indices of reparsed emitted canonical SMILES
methylene_butyrolactone	michael_acceptor	alpha-methylene-gamma-butyrolactone (exocyclic methylene)	[CH2]=[C;r5][C;r5](=O)[O;r5]	exo_CH2	0	condition-dependent; not assigned by substructure	Exocyclic methylene conjugated to a five-membered lactone.	0	zero-based atom indices of reparsed emitted canonical SMILES
chalcone	michael_acceptor	Chalcone (aryl-CH=CH-CO-aryl)	[c][CX3](=O)[CX3]=[CX3][c]	beta_C	4	condition-dependent; not assigned by substructure	Distinct NP subclass of enone; beta-C is SMARTS idx4	4	zero-based atom indices of reparsed emitted canonical SMILES
para_quinone	michael_acceptor	para-Quinone	O=[CX3]1[#6]=,:[#6][CX3](=O)[#6]=,:[#6]1	ring_C	Cmax	condition-dependent; not assigned by substructure	Includes benzoquinone and fused quinone ring environments.	2;3;6;7	zero-based atom indices of reparsed emitted canonical SMILES
ortho_quinone	michael_acceptor	ortho-Quinone	O=[CX3]1[CX3](=O)[#6]=,:[#6][#6]=,:[#6]1	ring_C	Cmax	condition-dependent; not assigned by substructure	Includes fused ortho-quinone ring environments.	4;5;6;7	zero-based atom indices of reparsed emitted canonical SMILES
epoxide	sn2_ring_opening	Epoxide (oxirane)	[C;r3]1[O;r3][C;r3]1	ring_C	Cmax	condition-dependent; not assigned by substructure	SN2 ring-opening by thiolate; e.g. epoxysuccinyl (E-64)	0;2	zero-based atom indices of reparsed emitted canonical SMILES
aziridine	sn2_ring_opening	Aziridine	[C;r3]1[N;r3][C;r3]1	ring_C	Cmax	condition-dependent; not assigned by substructure	Rare NP motif (mitomycin, azinomycin)	0;2	zero-based atom indices of reparsed emitted canonical SMILES
beta_lactone	acylation	beta-Lactone	[C;r4]1(=O)[O;r4][C;r4][C;r4]1	carbonyl_C	0	condition-dependent; not assigned by substructure	Acylating (e.g. salinosporamide-type)	0	zero-based atom indices of reparsed emitted canonical SMILES
beta_lactam	acylation	beta-Lactam	[C;r4]1(=O)[N;r4][C;r4][C;r4]1	carbonyl_C	0	condition-dependent; not assigned by substructure	Acylating	0	zero-based atom indices of reparsed emitted canonical SMILES
alpha_halo_carbonyl	sn2_alkylation	alpha-Halo carbonyl (haloacetyl)	[#6,#7,#8][CX3](=O)[CX4]([Cl,Br,I])	alpha_C	3	condition-dependent; not assigned by substructure	Alpha-chloro, bromo, or iodo carbonyls including amides and esters; fluoro analogues excluded from this displacement alert.	3	zero-based atom indices of reparsed emitted canonical SMILES
isothiocyanate	addition_to_CN	Isothiocyanate	[NX2]=[CX2]=[SX1]	central_C	1	condition-dependent; not assigned by substructure	Adds thiol to C=N -> dithiocarbamate; central C is idx1	1	zero-based atom indices of reparsed emitted canonical SMILES
thiosulfinate	thiol_exchange	Thiosulfinate	[$([#16X3]=[OX1]),$([#16X3+1]-[OX1-1])]-[#16X2]	S_sulfinyl	Smax	condition-dependent; not assigned by substructure	Allicin; thiol attacks electrophilic S (max f+ over S). Matches neutral and [S+][O-] forms	0;1	zero-based atom indices of reparsed emitted canonical SMILES
aldehyde	reversible_carbonyl	Aldehyde	[#6][CX3H1]=O	carbonyl_C	1	condition-dependent; not assigned by substructure	Hemithioacetal with catalytic Cys; carbonyl C is idx1	1	zero-based atom indices of reparsed emitted canonical SMILES
nitrile	addition_to_CN	Nitrile	[#6][CX2]#[NX1]	nitrile_C	1	condition-dependent; not assigned by substructure	Candidate addition at nitrile carbon; reactivity and reversibility depend on substitution and reaction conditions.	1	zero-based atom indices of reparsed emitted canonical SMILES
