descriptor	electrophilic_median	nonelectrophilic_median	p_value	cliff_delta
MW	376.3845000000001	394.53500000000014	0.00023889396279879013	-0.04335555219127818
logP	2.2846000000000006	2.75145000000001	6.840283647528537e-13	-0.08476190789632465
TPSA	87.245	86.99000000000001	0.05868407934139469	0.022309474024487574
Fsp3	0.6	0.53125	0.2888981532889322	-0.012514636434977633
n_stereocentres	5.0	4.0	1.836772393491839e-05	0.050227308131970405
n_rings	3.0	4.0	5.201846455994906e-12	-0.08047804918719792
n_arom_rings	0.0	1.0	2.6483578048540626e-99	-0.23638524486454027
HBD	2.0	2.0	1.4880814628657496e-31	-0.13637862601449413
HBA	6.0	6.0	0.0595895264642405	0.022163639914079214
QED	0.4189587206803781	0.44563077894884623	2.11722030403488e-05	-0.05017980599821403
BertzCT	755.3071451152914	885.460817727829	3.6850445940162033e-13	-0.08575393090213101
