compound	family	dE_methyl	dE_ethyl
1-penten-3-one	enone	-18.089188124219746	-21.78309128988739
1-hexen-3-one	enone	-18.089188124219746	-21.78309128988739
1-octen-3-one	enone	-18.089188124219746	-21.78309128988739
3-penten-2-one	enone	-13.10165230015027	-15.083006949392416
methyl acrylate	ester	-19.447106770208293	-22.17846882479838
ethyl acrylate	ester	-19.447106770208293	-22.17846882479838
n-propyl acrylate	ester	-19.447106770208293	-22.17846882479838
n-butyl acrylate	ester	-19.447106770208293	-22.17846882479838
2-methylacrolein	enal	-19.7266873107944	-25.483146219838055
2-ethylacrolein	enal	-21.764612515633136	-25.718577271569053
trans-2-pentenal	enal	-20.94647695105914	-24.374258917592368
trans-2,cis-6-nonadienal	enal	-20.94647695105914	-24.374258917592368
